Workbook

Sheet 改善要望リスト
A1: SPDM 改善要望リスト（v5.5 本番導入 2026-06-25 以降 ／ v5.6・v5.7・v5.8 対応分）
A2: 凡例: ✓=完了 △=部分/緩和 ▷=中長期 ―=対応不要（本人指定） ／ 該当タブ外の横断項目は「全般」（⚙設定・計算中核・真値整合等）
A3: No. | B3: 機能大分類 | C3: 該当タブ （新規実行/WR管理/2軸グラフ） | D3: 改善要望内容 | E3: 改善結果 | F3: 完了有無 チェック | G3: 備考
A4: 1 | B4: 探索設定 | C4: 新規実行 | D4: プルダウン（機種・探索種類等）に名称を付けてほしい | E4: 探索実行トップの各プルダウンに名称ラベルを付与（本人指定により対応方針確定） | F4: ― | G4: ISSUE-001 / v5.6
A5: 2 | B5: 探索設定 | C5: 新規実行 | D5: 固定値リストは未使用のため既定で非表示にしたい | E5: 固定値リストは既定非表示のまま維持。L0制約のみ既定表示へ分離 | F5: ✓ | G5: ISSUE-020 / v5.7
A6: 3 | B6: 探索設定 | C6: 新規実行 | D6: 制約条件タブをデフォルト表示にしてほしい | E6: L0制約条件を既定表示に変更 | F6: ✓ | G6: ISSUE-021 / v5.7
A7: 4 | B7: 離散変数 | C7: 新規実行 | D7: 缶径・巻芯径・缶厚み等の離散値の入力方法（`;`区切り等） | E7: `;`区切りは上下限化するため不採用。pyoptislang ORDINALDISCRETE_VALUE / discrete_states で離散認識・ref値スナップ | F7: ✓ | G7: ISSUE-022 / REQ-W08 / v5.7
A8: 5 | B8: 探索設定 | C8: 新規実行 | D8: 2回目探索前に上下限を自動更新したい 【安倍確認】csvファイルに値が入っていないように見られる（PCP_result_*.csv を2回目探索前に編集→アプリ内入力を直して再実行→変数リスト→上下限値自動更新という認識だが、そもそも値が空）。 | E8: PCP_result_*.csv から上下限範囲を自動反映（複数デザインで動作検証） | F8: ✓ | G8: ISSUE-023 / v5.7
A9: 6 | B9: CSV整合 | C9: 新規実行 | D9: CSV（変数リスト）の変更箇所を色でハイライトしてほしい | E9: 探索設定の読込時ベースラインとの差分行を色ハイライト（設計シート取込で基準リセット） | F9: ✓ | G9: ISSUE-026 / v5.7
A10: 7 | B10: CSV整合 | C10: 新規実行 | D10: CSV変更後のWRフォルダ/パス整合、3種欄への自動反映 【安倍確認】確認方法がわかりませんでした。 | E10: 再実行のcsv生成でinput/へ3種CSV格納・3欄(VARIABLE/.opf/L0)へ自動反映＋反映欄を持続ハイライト | F10: ✓ | G10: ISSUE-027 / v5.7
A11: 8 | B11: 再実行系 | C11: 新規実行 | D11: 再実行時にタイトル・プルダウン（機種/探索種類/担当者/開発種類）を変更したい | E11: 再実行前にメタ編集ダイアログを追加。再実行系すべての実行前並びを探索実行トップと統一 | F11: ✓ | G11: ISSUE-030 / v5.7
A12: 9 | B12: 再実行系 | C12: 新規実行 | D12: ツリー（樹形図）から直接再実行したい | E12: WR詳細の樹形図ノード右クリック→WR操作メニュー（再実行含む）を追加。ツリー直起動の完全対応は中長期 | F12: ▷ | G12: ISSUE-031/032 / v5.7〜
A13: 10 | B13: 再実行系 | C13: 新規実行 | D13: 『入力を直して再実行』の操作性改善（設定/変数/制約が入り混じり分かりにくい） | E13: 案Aへ全面刷新：3セグメント[①設定項目/②変数リスト/③L0制約条件]＋文脈ツールバー＋固定フッター。②でCSV生成→新規WRを自動生成→①へ自動遷移し、変更されたCSV3欄を黄ハイライト | F13: ✓ | G13: 案A / v5.8
A14: 11 | B14: 配布/メタ管理 | C14: 新規実行 | D14: CSV生成時に派生WRを自動生成し履歴格納したい | E14: csv生成時に派生WRを自動生成し input/<生成日時>/ へ3セットCSV(variable/fixed/criteria)を格納（変数CSV取込＋制約継承） | F14: ✓ | G14: 要望A / v5.7〜5.8
A15: 12 | B15: 実行基盤 | C15: 新規実行 | D15: 必要な計算コア数を確認・設定したい | E15: ⚙設定＞探索実行設定に『optiSLang 計算コア数』を追加（既定2）。論理コア数も表示。以後spawnするoptiSLangが継承・永続化 | F15: ✓ | G15: REQ-W01 / v5.6〜5.7
... A57: 54 | B57: 配布/メタ管理 | C57: 全般 | D57: 本番PCへ変化点を安全に配布したい（bat/ps1のDLブロック・DB保護） | E57: v56→v58差分zip（10MB以下・bat/ps1は.txt化・本番WR/DB除外、_wr_meta.jsonのみ収録）とG:バックアップを整備 | F57: ✓ | G57: 配布 / v5.8

Sheet 集計
A1: 集計（該当タブ × 完了状況）
A3: 該当タブ | B3: ✓ 完了 | C3: △ 部分 | D3: ▷ 中長期 | E3: ― 不要 | F3: 合計
A4: 新規実行 | B4: =COUNTIFS('改善要望リスト'!$C$4:$C$57,$A4,'改善要望リスト'!$F$4:$F$57,"✓") | C4: =COUNTIFS('改善要望リスト'!$C$4:$C$57,$A4,'改善要望リスト'!$F$4:$F$57,"△") | D4: =COUNTIFS('改善要望リスト'!$C$4:$C$57,$A4,'改善要望リスト'!$F$4:$F$57,"▷") | E4: =COUNTIFS('改善要望リスト'!$C$4:$C$57,$A4,'改善要望リスト'!$F$4:$F$57,"―") | F4: =COUNTIF('改善要望リスト'!$C$4:$C$57,$A4)
A5: WR管理 | B5: =COUNTIFS('改善要望リスト'!$C$4:$C$57,$A5,'改善要望リスト'!$F$4:$F$57,"✓") | C5: =COUNTIFS('改善要望リスト'!$C$4:$C$57,$A5,'改善要望リスト'!$F$4:$F$57,"△") | D5: =COUNTIFS('改善要望リスト'!$C$4:$C$57,$A5,'改善要望リスト'!$F$4:$F$57,"▷") | E5: =COUNTIFS('改善要望リスト'!$C$4:$C$57,$A5,'改善要望リスト'!$F$4:$F$57,"―") | F5: =COUNTIF('改善要望リスト'!$C$4:$C$57,$A5)
A6: 2軸グラフ | B6: =COUNTIFS('改善要望リスト'!$C$4:$C$57,$A6,'改善要望リスト'!$F$4:$F$57,"✓") | C6: =COUNTIFS('改善要望リスト'!$C$4:$C$57,$A6,'改善要望リスト'!$F$4:$F$57,"△") | D6: =COUNTIFS('改善要望リスト'!$C$4:$C$57,$A6,'改善要望リスト'!$F$4:$F$57,"▷") | E6: =COUNTIFS('改善要望リスト'!$C$4:$C$57,$A6,'改善要望リスト'!$F$4:$F$57,"―") | F6: =COUNTIF('改善要望リスト'!$C$4:$C$57,$A6)
A7: 全般 | B7: =COUNTIFS('改善要望リスト'!$C$4:$C$57,$A7,'改善要望リスト'!$F$4:$F$57,"✓") | C7: =COUNTIFS('改善要望リスト'!$C$4:$C$57,$A7,'改善要望リスト'!$F$4:$F$57,"△") | D7: =COUNTIFS('改善要望リスト'!$C$4:$C$57,$A7,'改善要望リスト'!$F$4:$F$57,"▷") | E7: =COUNTIFS('改善要望リスト'!$C$4:$C$57,$A7,'改善要望リスト'!$F$4:$F$57,"―") | F7: =COUNTIF('改善要望リスト'!$C$4:$C$57,$A7)
A8: 合計 | B8: =SUM(B4:B7) | C8: =SUM(C4:C7) | D8: =SUM(D4:D7) | E8: =SUM(E4:E7) | F8: =SUM(F4:F7)
